lab_name,transfer_mode,protocol_name,display_name,active_total_nominal,masked_total,variable,rmse,mae,r2,active_count,rank_within_k,source_transfer_mode,source_score,source_r2_temperature,source_r2_humidity
lab1,lab1_reference,lab2_active_10,Lab2 active set [10],1,12,humidity,1.2228186756718944,0.9168371879137479,0.8823899433302305,1,2.0,head_only,0.7975111478797094,0.8060975236271002,0.7889247721323188
lab1,lab1_reference,lab2_active_10,Lab2 active set [10],1,12,temperature,0.2782378188409169,0.2052966127028832,0.8119087614818277,1,2.0,head_only,0.7975111478797094,0.8060975236271002,0.7889247721323188
lab1,lab1_reference,lab2_active_12,Lab2 active set [12],1,12,humidity,1.2581684291255197,0.910759286238597,0.877891407597637,1,5.0,head_only,0.7531362838270773,0.7600512919479889,0.7462212757061657
lab1,lab1_reference,lab2_active_12,Lab2 active set [12],1,12,temperature,0.29976676386884216,0.20790530511966118,0.795671280845064,1,5.0,head_only,0.7531362838270773,0.7600512919479889,0.7462212757061657
lab1,lab1_reference,lab2_active_1_5_9,"Lab2 active set [1, 5, 9]",3,10,humidity,0.7334470514465337,0.5310316819411057,0.9690189430606073,3,5.0,head_only,0.9122858510335476,0.9339170116183511,0.8906546904487443
lab1,lab1_reference,lab2_active_1_5_9,"Lab2 active set [1, 5, 9]",3,10,temperature,0.19709955940675958,0.12693163437338975,0.9223709146540047,3,5.0,head_only,0.9122858510335476,0.9339170116183511,0.8906546904487443
lab1,lab1_reference,lab2_active_1_6_7_8_9,"Lab2 active set [1, 6, 7, 8, 9]",5,8,humidity,0.6141349792771973,0.4222950923901338,0.9747276394314639,5,4.0,head_only,0.9057353993522625,0.931117901790744,0.8803528969137809
lab1,lab1_reference,lab2_active_1_6_7_8_9,"Lab2 active set [1, 6, 7, 8, 9]",5,8,temperature,0.16357541969611558,0.10107002407312393,0.9417342717184481,5,4.0,head_only,0.9057353993522625,0.931117901790744,0.8803528969137809
lab1,lab1_reference,lab2_active_2_4_5_6_9,"Lab2 active set [2, 4, 5, 6, 9]",5,8,humidity,0.6317520953108401,0.45719613707982576,0.9755579469650009,5,1.0,head_only,0.9165326780820634,0.9394622818495182,0.8936030743146086
lab1,lab1_reference,lab2_active_2_4_5_6_9,"Lab2 active set [2, 4, 5, 6, 9]",5,8,temperature,0.1720678973025531,0.11037511951648273,0.9375751594304529,5,1.0,head_only,0.9165326780820634,0.9394622818495182,0.8936030743146086
lab1,lab1_reference,lab2_active_2_7,"Lab2 active set [2, 7]",2,11,humidity,0.8571959801836364,0.6236556745492495,0.9568054843984524,2,4.0,head_only,0.8998643862444393,0.9296792468797299,0.8700495256091488
lab1,lab1_reference,lab2_active_2_7,"Lab2 active set [2, 7]",2,11,temperature,0.2247134857205335,0.14717728816545927,0.9000132462209817,2,4.0,head_only,0.8998643862444393,0.9296792468797299,0.8700495256091488
lab1,lab1_reference,lab2_active_2_7_9_10_11,"Lab2 active set [2, 7, 9, 10, 11]",5,8,humidity,0.6675532792565106,0.489075080706523,0.9724013897792031,5,3.0,head_only,0.9063299652272412,0.9317566718744269,0.8809032585800554
lab1,lab1_reference,lab2_active_2_7_9_10_11,"Lab2 active set [2, 7, 9, 10, 11]",5,8,temperature,0.1699538234750446,0.11206347925158647,0.9412633330747743,5,3.0,head_only,0.9063299652272412,0.9317566718744269,0.8809032585800554
lab1,lab1_reference,lab2_active_3_4_5_6_7,"Lab2 active set [3, 4, 5, 6, 7]",5,8,humidity,0.6159200499709534,0.4582044333219528,0.9778529943907428,5,2.0,head_only,0.9114939296528939,0.9359496764403255,0.8870381828654624
lab1,lab1_reference,lab2_active_3_4_5_6_7,"Lab2 active set [3, 4, 5, 6, 7]",5,8,temperature,0.15609865799807673,0.10436125586812313,0.9504802481076131,5,2.0,head_only,0.9114939296528939,0.9359496764403255,0.8870381828654624
lab1,lab1_reference,lab2_active_4_6_7,"Lab2 active set [4, 6, 7]",3,10,humidity,0.7681238186291386,0.5536010540448703,0.9664444522006198,3,1.0,head_only,0.9158489475944654,0.9396640134661974,0.8920338817227335
lab1,lab1_reference,lab2_active_4_6_7,"Lab2 active set [4, 6, 7]",3,10,temperature,0.20079423115689113,0.1298442864074157,0.9182371475223152,3,1.0,head_only,0.9158489475944654,0.9396640134661974,0.8920338817227335
lab1,lab1_reference,lab2_active_4_6_9,"Lab2 active set [4, 6, 9]",3,10,humidity,0.7507613704289657,0.538673990047895,0.9665668134948996,3,2.0,head_only,0.9132604155002854,0.9335449538231788,0.8929758771773919
lab1,lab1_reference,lab2_active_4_6_9,"Lab2 active set [4, 6, 9]",3,10,temperature,0.1985003946723112,0.12822107770122015,0.9203890272559755,3,2.0,head_only,0.9132604155002854,0.9335449538231788,0.8929758771773919
lab1,lab1_reference,lab2_active_5_6_9,"Lab2 active set [5, 6, 9]",3,10,humidity,0.698845385228515,0.5196208885082831,0.9727946945115185,3,3.0,head_only,0.913157987219947,0.9368296450645276,0.8894863293753664
lab1,lab1_reference,lab2_active_5_6_9,"Lab2 active set [5, 6, 9]",3,10,temperature,0.188813957604171,0.1293235017130008,0.9327452117881537,3,3.0,head_only,0.913157987219947,0.9368296450645276,0.8894863293753664
lab1,lab1_reference,lab2_active_5_7,"Lab2 active set [5, 7]",2,11,humidity,0.8664796731208235,0.6619480871237241,0.9572621093778318,2,2.0,head_only,0.9031691950282441,0.9329387215734448,0.8733996684830433
lab1,lab1_reference,lab2_active_5_7,"Lab2 active set [5, 7]",2,11,temperature,0.22362677599071035,0.15666868107823226,0.9046864596334285,2,2.0,head_only,0.9031691950282441,0.9329387215734448,0.8733996684830433
lab1,lab1_reference,lab2_active_5_9,"Lab2 active set [5, 9]",2,11,humidity,0.8290317384863977,0.6208194746420934,0.9624626506696056,2,1.0,head_only,0.9072527111477013,0.9342527058571015,0.880252716438301
lab1,lab1_reference,lab2_active_5_9,"Lab2 active set [5, 9]",2,11,temperature,0.21353903660600038,0.15040427102492407,0.9143047199471758,2,1.0,head_only,0.9072527111477013,0.9342527058571015,0.880252716438301
lab1,lab1_reference,lab2_active_6_7_8_10_12,"Lab2 active set [6, 7, 8, 10, 12]",5,8,humidity,0.5840145182564384,0.4095280709174963,0.97780527680972,5,5.0,head_only,0.9054685557411701,0.9380475782204586,0.8728895332618816
lab1,lab1_reference,lab2_active_6_7_8_10_12,"Lab2 active set [6, 7, 8, 10, 12]",5,8,temperature,0.15339245257197212,0.09787052640548119,0.9507081837273087,5,5.0,head_only,0.9054685557411701,0.9380475782204586,0.8728895332618816
lab1,lab1_reference,lab2_active_6_9_10,"Lab2 active set [6, 9, 10]",3,10,humidity,0.6773637793521646,0.4963635252072261,0.9761828866221879,3,4.0,head_only,0.9128209246376289,0.9327117455893217,0.8929301036859361
lab1,lab1_reference,lab2_active_6_9_10,"Lab2 active set [6, 9, 10]",3,10,temperature,0.17965742872518697,0.11922379296559554,0.9390506183011671,3,4.0,head_only,0.9128209246376289,0.9327117455893217,0.8929301036859361
lab1,lab1_reference,lab2_active_7,Lab2 active set [7],1,12,humidity,1.2289310997437204,0.9081221979397994,0.8782287548786827,1,4.0,head_only,0.759619395928919,0.7367126091906554,0.7825261826671828
lab1,lab1_reference,lab2_active_7,Lab2 active set [7],1,12,temperature,0.28953807352219535,0.20805258934314436,0.7958576508402392,1,4.0,head_only,0.759619395928919,0.7367126091906554,0.7825261826671828
lab1,lab1_reference,lab2_active_7_10,"Lab2 active set [7, 10]",2,11,humidity,0.8387949292710979,0.6399020254611969,0.9584051260428937,2,5.0,head_only,0.8995074053415846,0.9251474386974219,0.8738673719857472
lab1,lab1_reference,lab2_active_7_10,"Lab2 active set [7, 10]",2,11,temperature,0.2203788658656075,0.15114926546812057,0.9076082260279155,2,5.0,head_only,0.8995074053415846,0.9251474386974219,0.8738673719857472
lab1,lab1_reference,lab2_active_8,Lab2 active set [8],1,12,humidity,1.1893139214817217,0.8711857543541834,0.8862259819949485,1,3.0,head_only,0.7889450497880509,0.7921100550248076,0.7857800445512942
lab1,lab1_reference,lab2_active_8,Lab2 active set [8],1,12,temperature,0.2678735321183957,0.19374978026518455,0.8229037255766394,1,3.0,head_only,0.7889450497880509,0.7921100550248076,0.7857800445512942
lab1,lab1_reference,lab2_active_8_10,"Lab2 active set [8, 10]",2,11,humidity,0.7767648393709147,0.5794792496241056,0.967137892960489,2,3.0,head_only,0.9018460326318343,0.9312517463727583,0.8724403188909103
lab1,lab1_reference,lab2_active_8_10,"Lab2 active set [8, 10]",2,11,temperature,0.19941733754285096,0.14310843841387674,0.9275249741410351,2,3.0,head_only,0.9018460326318343,0.9312517463727583,0.8724403188909103
lab1,lab1_reference,lab2_active_9,Lab2 active set [9],1,12,humidity,1.325451127356352,0.9936018173511212,0.8791968167968884,1,1.0,head_only,0.8104860113722965,0.8103152259616506,0.8106567967829422
lab1,lab1_reference,lab2_active_9,Lab2 active set [9],1,12,temperature,0.3046670503257086,0.2261529192328453,0.8033027018725212,1,1.0,head_only,0.8104860113722965,0.8103152259616506,0.8106567967829422
lab1,lab1_reference,lab2_all13,Lab2 all 13 active,13,0,humidity,0.48763197242318035,0.3389563216612889,0.9853885683791627,13,,head_only,,,
lab1,lab1_reference,lab2_all13,Lab2 all 13 active,13,0,temperature,0.1247264322864104,0.0785997541478047,0.9651269565431614,13,,head_only,,,
lab2,zero_shot,lab2_active_10,Lab2 active set [10],1,12,humidity,1.5674819516194487,1.26840900687071,0.7355354994502209,1,2.0,head_only,0.7975111478797094,0.8060975236271002,0.7889247721323188
lab2,zero_shot,lab2_active_10,Lab2 active set [10],1,12,temperature,0.5566403258565366,0.45071510855968183,0.7272198515744417,1,2.0,head_only,0.7975111478797094,0.8060975236271002,0.7889247721323188
lab2,zero_shot,lab2_active_12,Lab2 active set [12],1,12,humidity,2.1313851304477294,1.8371635583730845,0.5514675554324886,1,5.0,head_only,0.7531362838270773,0.7600512919479889,0.7462212757061657
lab2,zero_shot,lab2_active_12,Lab2 active set [12],1,12,temperature,0.7206390991906472,0.6207076127712543,0.586128504911449,1,5.0,head_only,0.7531362838270773,0.7600512919479889,0.7462212757061657
lab2,zero_shot,lab2_active_1_5_9,"Lab2 active set [1, 5, 9]",3,10,humidity,1.3982033224416572,1.1689082246560316,0.8386079050224304,3,5.0,head_only,0.9122858510335476,0.9339170116183511,0.8906546904487443
lab2,zero_shot,lab2_active_1_5_9,"Lab2 active set [1, 5, 9]",3,10,temperature,0.43634745828995336,0.3456115023447917,0.8803702040414243,3,5.0,head_only,0.9122858510335476,0.9339170116183511,0.8906546904487443
lab2,zero_shot,lab2_active_1_6_7_8_9,"Lab2 active set [1, 6, 7, 8, 9]",5,8,humidity,1.4175757776932159,1.210167999450977,0.835427015231516,5,4.0,head_only,0.9057353993522625,0.931117901790744,0.8803528969137809
lab2,zero_shot,lab2_active_1_6_7_8_9,"Lab2 active set [1, 6, 7, 8, 9]",5,8,temperature,0.4548027747119661,0.3614994287490845,0.873438613561559,5,4.0,head_only,0.9057353993522625,0.931117901790744,0.8803528969137809
lab2,zero_shot,lab2_active_2_4_5_6_9,"Lab2 active set [2, 4, 5, 6, 9]",5,8,humidity,1.428319352750517,1.1143040381945097,0.8310650549902859,5,1.0,head_only,0.9165326780820634,0.9394622818495182,0.8936030743146086
lab2,zero_shot,lab2_active_2_4_5_6_9,"Lab2 active set [2, 4, 5, 6, 9]",5,8,temperature,0.41885544207409175,0.31638961228040546,0.8862565281633553,5,1.0,head_only,0.9165326780820634,0.9394622818495182,0.8936030743146086
lab2,zero_shot,lab2_active_2_7,"Lab2 active set [2, 7]",2,11,humidity,1.2572484675227786,1.0529959522760832,0.8605762711685792,2,4.0,head_only,0.8998643862444393,0.9296792468797299,0.8700495256091488
lab2,zero_shot,lab2_active_2_7,"Lab2 active set [2, 7]",2,11,temperature,0.43522987112424577,0.33826672572356004,0.886069583162264,2,4.0,head_only,0.8998643862444393,0.9296792468797299,0.8700495256091488
lab2,zero_shot,lab2_active_2_7_9_10_11,"Lab2 active set [2, 7, 9, 10, 11]",5,8,humidity,1.303374624401107,1.0612052793686206,0.8522674240818288,5,3.0,head_only,0.9063299652272412,0.9317566718744269,0.8809032585800554
lab2,zero_shot,lab2_active_2_7_9_10_11,"Lab2 active set [2, 7, 9, 10, 11]",5,8,temperature,0.4285235531158212,0.3283104609984618,0.8832467328194853,5,3.0,head_only,0.9063299652272412,0.9317566718744269,0.8809032585800554
lab2,zero_shot,lab2_active_3_4_5_6_7,"Lab2 active set [3, 4, 5, 6, 7]",5,8,humidity,1.279394183983056,1.0365965779011066,0.8625569534296372,5,2.0,head_only,0.9114939296528939,0.9359496764403255,0.8870381828654624
lab2,zero_shot,lab2_active_3_4_5_6_7,"Lab2 active set [3, 4, 5, 6, 7]",5,8,temperature,0.3973566398681791,0.31344994558737826,0.8993390155349115,5,2.0,head_only,0.9114939296528939,0.9359496764403255,0.8870381828654624
lab2,zero_shot,lab2_active_4_6_7,"Lab2 active set [4, 6, 7]",3,10,humidity,1.3384207409964957,1.0377328946040227,0.8527368437463383,3,1.0,head_only,0.9158489475944654,0.9396640134661974,0.8920338817227335
lab2,zero_shot,lab2_active_4_6_7,"Lab2 active set [4, 6, 7]",3,10,temperature,0.39712321603288403,0.31257915038328904,0.9041278760727772,3,1.0,head_only,0.9158489475944654,0.9396640134661974,0.8920338817227335
lab2,zero_shot,lab2_active_4_6_9,"Lab2 active set [4, 6, 9]",3,10,humidity,1.586100168213033,1.2437397516690767,0.7996853862313201,3,2.0,head_only,0.9132604155002854,0.9335449538231788,0.8929758771773919
lab2,zero_shot,lab2_active_4_6_9,"Lab2 active set [4, 6, 9]",3,10,temperature,0.4388380465011404,0.3441041490206352,0.8801871421282039,3,2.0,head_only,0.9132604155002854,0.9335449538231788,0.8929758771773919
lab2,zero_shot,lab2_active_5_6_9,"Lab2 active set [5, 6, 9]",3,10,humidity,1.3406604535768922,1.1315259039402008,0.847518443167806,3,3.0,head_only,0.913157987219947,0.9368296450645276,0.8894863293753664
lab2,zero_shot,lab2_active_5_6_9,"Lab2 active set [5, 6, 9]",3,10,temperature,0.42042693965093597,0.3326678356299034,0.8871605205027989,3,3.0,head_only,0.913157987219947,0.9368296450645276,0.8894863293753664
lab2,zero_shot,lab2_active_5_7,"Lab2 active set [5, 7]",2,11,humidity,1.3601930453717428,1.1314192162110255,0.8443864982445519,2,2.0,head_only,0.9031691950282441,0.9329387215734448,0.8733996684830433
lab2,zero_shot,lab2_active_5_7,"Lab2 active set [5, 7]",2,11,temperature,0.4365817704595832,0.34770405751008254,0.8840515881973824,2,2.0,head_only,0.9031691950282441,0.9329387215734448,0.8733996684830433
lab2,zero_shot,lab2_active_5_9,"Lab2 active set [5, 9]",2,11,humidity,1.4823659601070698,1.263832954260019,0.8140673444232471,2,1.0,head_only,0.9072527111477013,0.9342527058571015,0.880252716438301
lab2,zero_shot,lab2_active_5_9,"Lab2 active set [5, 9]",2,11,temperature,0.44905690805406046,0.3627086511025062,0.871950119925557,2,1.0,head_only,0.9072527111477013,0.9342527058571015,0.880252716438301
lab2,zero_shot,lab2_active_6_7_8_10_12,"Lab2 active set [6, 7, 8, 10, 12]",5,8,humidity,1.183478049218082,0.9658941764097947,0.880094084018319,5,5.0,head_only,0.9054685557411701,0.9380475782204586,0.8728895332618816
lab2,zero_shot,lab2_active_6_7_8_10_12,"Lab2 active set [6, 7, 8, 10, 12]",5,8,temperature,0.4045832543755192,0.30927467116942775,0.8999956549403744,5,5.0,head_only,0.9054685557411701,0.9380475782204586,0.8728895332618816
lab2,zero_shot,lab2_active_6_9_10,"Lab2 active set [6, 9, 10]",3,10,humidity,1.3211637655438377,1.0939344259408803,0.8567179228718084,3,4.0,head_only,0.9128209246376289,0.9327117455893217,0.8929301036859361
lab2,zero_shot,lab2_active_6_9_10,"Lab2 active set [6, 9, 10]",3,10,temperature,0.4392284236345272,0.34467463883069843,0.8788611037372583,3,4.0,head_only,0.9128209246376289,0.9327117455893217,0.8929301036859361
lab2,zero_shot,lab2_active_7,Lab2 active set [7],1,12,humidity,1.9694975318549761,1.6651375385431142,0.6065752317290964,1,4.0,head_only,0.759619395928919,0.7367126091906554,0.7825261826671828
lab2,zero_shot,lab2_active_7,Lab2 active set [7],1,12,temperature,0.6922403103610547,0.5747210853374921,0.5637571139471819,1,4.0,head_only,0.759619395928919,0.7367126091906554,0.7825261826671828
lab2,zero_shot,lab2_active_7_10,"Lab2 active set [7, 10]",2,11,humidity,1.3399382184838633,1.0969036061030168,0.846459613908398,2,5.0,head_only,0.8995074053415846,0.9251474386974219,0.8738673719857472
lab2,zero_shot,lab2_active_7_10,"Lab2 active set [7, 10]",2,11,temperature,0.44928271802087366,0.34898674258818996,0.878555928787497,2,5.0,head_only,0.8995074053415846,0.9251474386974219,0.8738673719857472
lab2,zero_shot,lab2_active_8,Lab2 active set [8],1,12,humidity,1.915135766621975,1.6094736044223492,0.6404966818089496,1,3.0,head_only,0.7889450497880509,0.7921100550248076,0.7857800445512942
lab2,zero_shot,lab2_active_8,Lab2 active set [8],1,12,temperature,0.6457020739705448,0.5413271406522164,0.6546417412280636,1,3.0,head_only,0.7889450497880509,0.7921100550248076,0.7857800445512942
lab2,zero_shot,lab2_active_8_10,"Lab2 active set [8, 10]",2,11,humidity,1.2559044670269195,1.0426174769034753,0.8661501263749117,2,3.0,head_only,0.9018460326318343,0.9312517463727583,0.8724403188909103
lab2,zero_shot,lab2_active_8_10,"Lab2 active set [8, 10]",2,11,temperature,0.4304202821253055,0.34021069682561433,0.888592363954316,2,3.0,head_only,0.9018460326318343,0.9312517463727583,0.8724403188909103
lab2,zero_shot,lab2_active_9,Lab2 active set [9],1,12,humidity,2.314230474959675,2.005949100622764,0.5403993546179545,1,1.0,head_only,0.8104860113722965,0.8103152259616506,0.8106567967829422
lab2,zero_shot,lab2_active_9,Lab2 active set [9],1,12,temperature,0.7483345433152842,0.651385486125946,0.615791981189233,1,1.0,head_only,0.8104860113722965,0.8103152259616506,0.8106567967829422
lab2,zero_shot,lab2_all13,Lab2 all 13 active,13,0,humidity,1.2552139810749539,1.019582938689452,0.8669384106376037,13,,head_only,,,
lab2,zero_shot,lab2_all13,Lab2 all 13 active,13,0,temperature,0.39122768151458254,0.30306769563601565,0.9022383682504114,13,,head_only,,,
lab2,head_only,lab2_active_10,Lab2 active set [10],1,12,humidity,1.5075635233026576,1.0531556606292725,0.7889247721323188,1,2.0,head_only,0.7975111478797094,0.8060975236271002,0.7889247721323188
lab2,head_only,lab2_active_10,Lab2 active set [10],1,12,temperature,0.4549243112889944,0.3427059432634941,0.8060975236271002,1,2.0,head_only,0.7975111478797094,0.8060975236271002,0.7889247721323188
lab2,head_only,lab2_active_12,Lab2 active set [12],1,12,humidity,1.6242029125316355,1.2255270343560438,0.7462212757061657,1,5.0,head_only,0.7531362838270773,0.7600512919479889,0.7462212757061657
lab2,head_only,lab2_active_12,Lab2 active set [12],1,12,temperature,0.5125782352455022,0.4122135192155838,0.7600512919479889,1,5.0,head_only,0.7531362838270773,0.7600512919479889,0.7462212757061657
lab2,head_only,lab2_active_1_5_9,"Lab2 active set [1, 5, 9]",3,10,humidity,1.1589745563195675,0.8145908896739666,0.8906546904487443,3,5.0,head_only,0.9122858510335476,0.9339170116183511,0.8906546904487443
lab2,head_only,lab2_active_1_5_9,"Lab2 active set [1, 5, 9]",3,10,temperature,0.3320282996321261,0.22779066516802862,0.9339170116183511,3,5.0,head_only,0.9122858510335476,0.9339170116183511,0.8906546904487443
lab2,head_only,lab2_active_1_6_7_8_9,"Lab2 active set [1, 6, 7, 8, 9]",5,8,humidity,1.2241333126924034,0.8935283697568454,0.8803528969137809,5,4.0,head_only,0.9057353993522625,0.931117901790744,0.8803528969137809
lab2,head_only,lab2_active_1_6_7_8_9,"Lab2 active set [1, 6, 7, 8, 9]",5,8,temperature,0.34580029664682377,0.24538126358619103,0.931117901790744,5,4.0,head_only,0.9057353993522625,0.931117901790744,0.8803528969137809
lab2,head_only,lab2_active_2_4_5_6_9,"Lab2 active set [2, 4, 5, 6, 9]",5,8,humidity,1.1397274164645521,0.8224806189537048,0.8936030743146086,5,1.0,head_only,0.9165326780820634,0.9394622818495182,0.8936030743146086
lab2,head_only,lab2_active_2_4_5_6_9,"Lab2 active set [2, 4, 5, 6, 9]",5,8,temperature,0.3167796366925914,0.2136721215569056,0.9394622818495182,5,1.0,head_only,0.9165326780820634,0.9394622818495182,0.8936030743146086
lab2,head_only,lab2_active_2_7,"Lab2 active set [2, 7]",2,11,humidity,1.2725756348854729,0.880458272420443,0.8700495256091488,2,4.0,head_only,0.8998643862444393,0.9296792468797299,0.8700495256091488
lab2,head_only,lab2_active_2_7,"Lab2 active set [2, 7]",2,11,temperature,0.34775405744292054,0.23977367350688347,0.9296792468797299,2,4.0,head_only,0.8998643862444393,0.9296792468797299,0.8700495256091488
lab2,head_only,lab2_active_2_7_9_10_11,"Lab2 active set [2, 7, 9, 10, 11]",5,8,humidity,1.2272358907947785,0.8576726363255427,0.8809032585800554,5,3.0,head_only,0.9063299652272412,0.9317566718744269,0.8809032585800554
lab2,head_only,lab2_active_2_7_9_10_11,"Lab2 active set [2, 7, 9, 10, 11]",5,8,temperature,0.3443032463177852,0.24542134197858664,0.9317566718744269,5,3.0,head_only,0.9063299652272412,0.9317566718744269,0.8809032585800554
lab2,head_only,lab2_active_3_4_5_6_7,"Lab2 active set [3, 4, 5, 6, 7]",5,8,humidity,1.1772687445349086,0.8386769615686857,0.8870381828654624,5,2.0,head_only,0.9114939296528939,0.9359496764403255,0.8870381828654624
lab2,head_only,lab2_active_3_4_5_6_7,"Lab2 active set [3, 4, 5, 6, 7]",5,8,temperature,0.3273401957516328,0.22759629900638872,0.9359496764403255,5,2.0,head_only,0.9114939296528939,0.9359496764403255,0.8870381828654624
lab2,head_only,lab2_active_4_6_7,"Lab2 active set [4, 6, 7]",3,10,humidity,1.151021315957437,0.8478643068900475,0.8920338817227335,3,1.0,head_only,0.9158489475944654,0.9396640134661974,0.8920338817227335
lab2,head_only,lab2_active_4_6_7,"Lab2 active set [4, 6, 7]",3,10,temperature,0.3221952710040882,0.22625132478200471,0.9396640134661974,3,1.0,head_only,0.9158489475944654,0.9396640134661974,0.8920338817227335
lab2,head_only,lab2_active_4_6_9,"Lab2 active set [4, 6, 9]",3,10,humidity,1.1344491321502086,0.8488322014992054,0.8929758771773919,3,2.0,head_only,0.9132604155002854,0.9335449538231788,0.8929758771773919
lab2,head_only,lab2_active_4_6_9,"Lab2 active set [4, 6, 9]",3,10,temperature,0.3250173961554,0.22524510553249946,0.9335449538231788,3,2.0,head_only,0.9132604155002854,0.9335449538231788,0.8929758771773919
lab2,head_only,lab2_active_5_6_9,"Lab2 active set [5, 6, 9]",3,10,humidity,1.149190745837281,0.8205927587472476,0.8894863293753664,3,3.0,head_only,0.913157987219947,0.9368296450645276,0.8894863293753664
lab2,head_only,lab2_active_5_6_9,"Lab2 active set [5, 6, 9]",3,10,temperature,0.3241897433663595,0.22547581791877747,0.9368296450645276,3,3.0,head_only,0.913157987219947,0.9368296450645276,0.8894863293753664
lab2,head_only,lab2_active_5_7,"Lab2 active set [5, 7]",2,11,humidity,1.2420429343241077,0.830796248637713,0.8733996684830433,2,2.0,head_only,0.9031691950282441,0.9329387215734448,0.8733996684830433
lab2,head_only,lab2_active_5_7,"Lab2 active set [5, 7]",2,11,temperature,0.33883072512119544,0.22909983304830697,0.9329387215734448,2,2.0,head_only,0.9031691950282441,0.9329387215734448,0.8733996684830433
lab2,head_only,lab2_active_5_9,"Lab2 active set [5, 9]",2,11,humidity,1.1925888075281352,0.8381474682917962,0.880252716438301,2,1.0,head_only,0.9072527111477013,0.9342527058571015,0.880252716438301
lab2,head_only,lab2_active_5_9,"Lab2 active set [5, 9]",2,11,temperature,0.32953858441442824,0.23109354651891267,0.9342527058571015,2,1.0,head_only,0.9072527111477013,0.9342527058571015,0.880252716438301
lab2,head_only,lab2_active_6_7_8_10_12,"Lab2 active set [6, 7, 8, 10, 12]",5,8,humidity,1.2655924016776652,0.8368601753161504,0.8728895332618816,5,5.0,head_only,0.9054685557411701,0.9380475782204586,0.8728895332618816
lab2,head_only,lab2_active_6_7_8_10_12,"Lab2 active set [6, 7, 8, 10, 12]",5,8,temperature,0.3270994937918489,0.21823296867884123,0.9380475782204586,5,5.0,head_only,0.9054685557411701,0.9380475782204586,0.8728895332618816
lab2,head_only,lab2_active_6_9_10,"Lab2 active set [6, 9, 10]",3,10,humidity,1.143859771649425,0.8385190963745117,0.8929301036859361,3,4.0,head_only,0.9128209246376289,0.9327117455893217,0.8929301036859361
lab2,head_only,lab2_active_6_9_10,"Lab2 active set [6, 9, 10]",3,10,temperature,0.33730607845989485,0.23864730504842904,0.9327117455893217,3,4.0,head_only,0.9128209246376289,0.9327117455893217,0.8929301036859361
lab2,head_only,lab2_active_7,Lab2 active set [7],1,12,humidity,1.501587482242473,1.0808518070441027,0.7825261826671828,1,4.0,head_only,0.759619395928919,0.7367126091906554,0.7825261826671828
lab2,head_only,lab2_active_7,Lab2 active set [7],1,12,temperature,0.5293350666429798,0.40265872272161335,0.7367126091906554,1,4.0,head_only,0.759619395928919,0.7367126091906554,0.7825261826671828
lab2,head_only,lab2_active_7_10,"Lab2 active set [7, 10]",2,11,humidity,1.2495552955340903,0.8543253082495469,0.8738673719857472,2,5.0,head_only,0.8995074053415846,0.9251474386974219,0.8738673719857472
lab2,head_only,lab2_active_7_10,"Lab2 active set [7, 10]",2,11,temperature,0.3598652899126342,0.2528817825592481,0.9251474386974219,2,5.0,head_only,0.8995074053415846,0.9251474386974219,0.8738673719857472
lab2,head_only,lab2_active_8,Lab2 active set [8],1,12,humidity,1.4928475727048283,1.0698230541669405,0.7857800445512942,1,3.0,head_only,0.7889450497880509,0.7921100550248076,0.7857800445512942
lab2,head_only,lab2_active_8,Lab2 active set [8],1,12,temperature,0.47079750047999924,0.3657897045979133,0.7921100550248076,1,3.0,head_only,0.7889450497880509,0.7921100550248076,0.7857800445512942
lab2,head_only,lab2_active_8_10,"Lab2 active set [8, 10]",2,11,humidity,1.2569222949739172,0.8410736459952134,0.8724403188909103,2,3.0,head_only,0.9018460326318343,0.9312517463727583,0.8724403188909103
lab2,head_only,lab2_active_8_10,"Lab2 active set [8, 10]",2,11,temperature,0.34333327548179643,0.24522701937418717,0.9312517463727583,2,3.0,head_only,0.9018460326318343,0.9312517463727583,0.8724403188909103
lab2,head_only,lab2_active_9,Lab2 active set [9],1,12,humidity,1.4395660843479168,1.1273551491590648,0.8106567967829422,1,1.0,head_only,0.8104860113722965,0.8103152259616506,0.8106567967829422
lab2,head_only,lab2_active_9,Lab2 active set [9],1,12,temperature,0.49674552722492454,0.3961510910437657,0.8103152259616506,1,1.0,head_only,0.8104860113722965,0.8103152259616506,0.8106567967829422
lab2,head_only,lab2_all13,Lab2 all 13 active,13,0,humidity,1.1728022120800543,0.7957161779587085,0.8901714206766947,13,,head_only,,,
lab2,head_only,lab2_all13,Lab2 all 13 active,13,0,temperature,0.31786081567127994,0.21500884283047456,0.9401229423365933,13,,head_only,,,
lab2,partial_finetune,lab2_active_10,Lab2 active set [10],1,12,humidity,1.725552314523366,1.1825612920981188,0.7482533710440011,1,2.0,head_only,0.7975111478797094,0.8060975236271002,0.7889247721323188
lab2,partial_finetune,lab2_active_10,Lab2 active set [10],1,12,temperature,0.5032336616770711,0.37194662483838886,0.794719197079246,1,2.0,head_only,0.7975111478797094,0.8060975236271002,0.7889247721323188
lab2,partial_finetune,lab2_active_12,Lab2 active set [12],1,12,humidity,1.7261017214302423,1.2600208108241742,0.7313675353276806,1,5.0,head_only,0.7531362838270773,0.7600512919479889,0.7462212757061657
lab2,partial_finetune,lab2_active_12,Lab2 active set [12],1,12,temperature,0.5058160262139139,0.39700986674198735,0.7769153629199632,1,5.0,head_only,0.7531362838270773,0.7600512919479889,0.7462212757061657
lab2,partial_finetune,lab2_active_1_5_9,"Lab2 active set [1, 5, 9]",3,10,humidity,1.3702881631613706,0.9403020510306725,0.8543436096008118,3,5.0,head_only,0.9122858510335476,0.9339170116183511,0.8906546904487443
lab2,partial_finetune,lab2_active_1_5_9,"Lab2 active set [1, 5, 9]",3,10,temperature,0.38114450124080296,0.25019540924292344,0.9161664380661112,3,5.0,head_only,0.9122858510335476,0.9339170116183511,0.8906546904487443
lab2,partial_finetune,lab2_active_1_6_7_8_9,"Lab2 active set [1, 6, 7, 8, 9]",5,8,humidity,1.504460898651775,1.0365823186360872,0.8264524666149732,5,4.0,head_only,0.9057353993522625,0.931117901790744,0.8803528969137809
lab2,partial_finetune,lab2_active_1_6_7_8_9,"Lab2 active set [1, 6, 7, 8, 9]",5,8,temperature,0.4003976494303797,0.2720753905864862,0.9090741257514744,5,4.0,head_only,0.9057353993522625,0.931117901790744,0.8803528969137809
lab2,partial_finetune,lab2_active_2_4_5_6_9,"Lab2 active set [2, 4, 5, 6, 9]",5,8,humidity,1.4143231787187285,0.9701942342978257,0.8433306110927608,5,1.0,head_only,0.9165326780820634,0.9394622818495182,0.8936030743146086
lab2,partial_finetune,lab2_active_2_4_5_6_9,"Lab2 active set [2, 4, 5, 6, 9]",5,8,temperature,0.38748558936483124,0.2615551914160068,0.9135810970482307,5,1.0,head_only,0.9165326780820634,0.9394622818495182,0.8936030743146086
lab2,partial_finetune,lab2_active_2_7,"Lab2 active set [2, 7]",2,11,humidity,1.5784122882983727,1.0518115483797514,0.8092930842210324,2,4.0,head_only,0.8998643862444393,0.9296792468797299,0.8700495256091488
lab2,partial_finetune,lab2_active_2_7,"Lab2 active set [2, 7]",2,11,temperature,0.4194160279570824,0.29218340951662797,0.8998937928065747,2,4.0,head_only,0.8998643862444393,0.9296792468797299,0.8700495256091488
lab2,partial_finetune,lab2_active_2_7_9_10_11,"Lab2 active set [2, 7, 9, 10, 11]",5,8,humidity,1.444704359231834,0.9604563208726736,0.8385635302030793,5,3.0,head_only,0.9063299652272412,0.9317566718744269,0.8809032585800554
lab2,partial_finetune,lab2_active_2_7_9_10_11,"Lab2 active set [2, 7, 9, 10, 11]",5,8,temperature,0.3985854014536271,0.27636206379303563,0.9097199920344582,5,3.0,head_only,0.9063299652272412,0.9317566718744269,0.8809032585800554
lab2,partial_finetune,lab2_active_3_4_5_6_7,"Lab2 active set [3, 4, 5, 6, 7]",5,8,humidity,1.4932891763666791,1.0482016710134654,0.8265644477608802,5,2.0,head_only,0.9114939296528939,0.9359496764403255,0.8870381828654624
lab2,partial_finetune,lab2_active_3_4_5_6_7,"Lab2 active set [3, 4, 5, 6, 7]",5,8,temperature,0.41493849402370536,0.2929978978175383,0.9023144954546021,5,2.0,head_only,0.9114939296528939,0.9359496764403255,0.8870381828654624
lab2,partial_finetune,lab2_active_4_6_7,"Lab2 active set [4, 6, 7]",3,10,humidity,1.461394729560145,1.0710731653066783,0.8321487257192093,3,1.0,head_only,0.9158489475944654,0.9396640134661974,0.8920338817227335
lab2,partial_finetune,lab2_active_4_6_7,"Lab2 active set [4, 6, 7]",3,10,temperature,0.3990524155401158,0.2874901776130383,0.9096978962681028,3,1.0,head_only,0.9158489475944654,0.9396640134661974,0.8920338817227335
lab2,partial_finetune,lab2_active_4_6_9,"Lab2 active set [4, 6, 9]",3,10,humidity,1.367029844984709,1.0030001722849333,0.8495434762310554,3,2.0,head_only,0.9132604155002854,0.9335449538231788,0.8929758771773919
lab2,partial_finetune,lab2_active_4_6_9,"Lab2 active set [4, 6, 9]",3,10,temperature,0.38992695227999896,0.2785982913695849,0.9096444554522348,3,2.0,head_only,0.9132604155002854,0.9335449538231788,0.8929758771773919
lab2,partial_finetune,lab2_active_5_6_9,"Lab2 active set [5, 6, 9]",3,10,humidity,1.440014515006248,1.0020767496182368,0.8360110239890768,3,3.0,head_only,0.913157987219947,0.9368296450645276,0.8894863293753664
lab2,partial_finetune,lab2_active_5_6_9,"Lab2 active set [5, 6, 9]",3,10,temperature,0.3868750921246241,0.2679451841574449,0.9123946871986104,3,3.0,head_only,0.913157987219947,0.9368296450645276,0.8894863293753664
lab2,partial_finetune,lab2_active_5_7,"Lab2 active set [5, 7]",2,11,humidity,1.4674656767334398,0.9666657218566308,0.8329623758027365,2,2.0,head_only,0.9031691950282441,0.9329387215734448,0.8733996684830433
lab2,partial_finetune,lab2_active_5_7,"Lab2 active set [5, 7]",2,11,temperature,0.38793096762152957,0.2565764612876452,0.9137883253042864,2,2.0,head_only,0.9031691950282441,0.9329387215734448,0.8733996684830433
lab2,partial_finetune,lab2_active_5_9,"Lab2 active set [5, 9]",2,11,humidity,1.3891749380446776,0.9410230058890122,0.8475989557790762,2,1.0,head_only,0.9072527111477013,0.9342527058571015,0.880252716438301
lab2,partial_finetune,lab2_active_5_9,"Lab2 active set [5, 9]",2,11,temperature,0.3724386716529612,0.24911895738198206,0.9184439564788961,2,1.0,head_only,0.9072527111477013,0.9342527058571015,0.880252716438301
lab2,partial_finetune,lab2_active_6_7_8_10_12,"Lab2 active set [6, 7, 8, 10, 12]",5,8,humidity,1.5843237348764019,1.0347385177245507,0.8067061737905156,5,5.0,head_only,0.9054685557411701,0.9380475782204586,0.8728895332618816
lab2,partial_finetune,lab2_active_6_7_8_10_12,"Lab2 active set [6, 7, 8, 10, 12]",5,8,temperature,0.40743870002461746,0.2679047194811014,0.9057356623714108,5,5.0,head_only,0.9054685557411701,0.9380475782204586,0.8728895332618816
lab2,partial_finetune,lab2_active_6_9_10,"Lab2 active set [6, 9, 10]",3,10,humidity,1.3987200336611483,0.980309220460745,0.8455189639052689,3,4.0,head_only,0.9128209246376289,0.9327117455893217,0.8929301036859361
lab2,partial_finetune,lab2_active_6_9_10,"Lab2 active set [6, 9, 10]",3,10,temperature,0.3923489764487474,0.2723264946387364,0.9113649777443664,3,4.0,head_only,0.9128209246376289,0.9327117455893217,0.8929301036859361
lab2,partial_finetune,lab2_active_7,Lab2 active set [7],1,12,humidity,1.6904766856456344,1.2192889360281138,0.7485288185276495,1,4.0,head_only,0.759619395928919,0.7367126091906554,0.7825261826671828
lab2,partial_finetune,lab2_active_7,Lab2 active set [7],1,12,temperature,0.5466448352722193,0.40565491639650786,0.7412210866957495,1,4.0,head_only,0.759619395928919,0.7367126091906554,0.7825261826671828
lab2,partial_finetune,lab2_active_7_10,"Lab2 active set [7, 10]",2,11,humidity,1.4333013084887998,0.960998704800239,0.839729854796574,2,5.0,head_only,0.8995074053415846,0.9251474386974219,0.8738673719857472
lab2,partial_finetune,lab2_active_7_10,"Lab2 active set [7, 10]",2,11,temperature,0.40068867150267706,0.28135100580178773,0.9084708577928389,2,5.0,head_only,0.8995074053415846,0.9251474386974219,0.8738673719857472
lab2,partial_finetune,lab2_active_8,Lab2 active set [8],1,12,humidity,1.6656096195458827,1.1417101988425622,0.7523319938925908,1,3.0,head_only,0.7889450497880509,0.7921100550248076,0.7857800445512942
lab2,partial_finetune,lab2_active_8,Lab2 active set [8],1,12,temperature,0.49112312279858367,0.36967459894143617,0.7873361131451329,1,3.0,head_only,0.7889450497880509,0.7921100550248076,0.7857800445512942
lab2,partial_finetune,lab2_active_8_10,"Lab2 active set [8, 10]",2,11,humidity,1.4888295511810612,0.9807084019367511,0.8291253580610695,2,3.0,head_only,0.9018460326318343,0.9312517463727583,0.8724403188909103
lab2,partial_finetune,lab2_active_8_10,"Lab2 active set [8, 10]",2,11,temperature,0.3996214532448501,0.2798452583643106,0.9089331089977287,2,3.0,head_only,0.9018460326318343,0.9312517463727583,0.8724403188909103
lab2,partial_finetune,lab2_active_9,Lab2 active set [9],1,12,humidity,1.4635995549376957,1.0875276372982905,0.809494513131065,1,1.0,head_only,0.8104860113722965,0.8103152259616506,0.8106567967829422
lab2,partial_finetune,lab2_active_9,Lab2 active set [9],1,12,temperature,0.47750282402436395,0.3561615279087654,0.8211729165734873,1,1.0,head_only,0.8104860113722965,0.8103152259616506,0.8106567967829422
lab2,partial_finetune,lab2_all13,Lab2 all 13 active,13,0,humidity,1.5031855253539892,0.9820000712688153,0.8269983381426369,13,,head_only,,,
lab2,partial_finetune,lab2_all13,Lab2 all 13 active,13,0,temperature,0.40878097330512725,0.2732035804253358,0.9050853164181637,13,,head_only,,,
lab2,full_finetune,lab2_active_10,Lab2 active set [10],1,12,humidity,1.1490070696545158,0.8391433449891897,0.8184449577777084,1,2.0,head_only,0.7975111478797094,0.8060975236271002,0.7889247721323188
lab2,full_finetune,lab2_active_10,Lab2 active set [10],1,12,temperature,0.3178023912911383,0.22805111912580636,0.8803553283494909,1,2.0,head_only,0.7975111478797094,0.8060975236271002,0.7889247721323188
lab2,full_finetune,lab2_active_12,Lab2 active set [12],1,12,humidity,1.1719979214922498,0.8334404390591842,0.821955910947539,1,5.0,head_only,0.7531362838270773,0.7600512919479889,0.7462212757061657
lab2,full_finetune,lab2_active_12,Lab2 active set [12],1,12,temperature,0.31505657257222275,0.2222851921732609,0.8806366510881974,1,5.0,head_only,0.7531362838270773,0.7600512919479889,0.7462212757061657
lab2,full_finetune,lab2_active_1_5_9,"Lab2 active set [1, 5, 9]",3,10,humidity,0.6657363884653684,0.42829726292536807,0.9644635618908443,3,5.0,head_only,0.9122858510335476,0.9339170116183511,0.8906546904487443
lab2,full_finetune,lab2_active_1_5_9,"Lab2 active set [1, 5, 9]",3,10,temperature,0.19061052604619014,0.12648390806638277,0.9796092774870206,3,5.0,head_only,0.9122858510335476,0.9339170116183511,0.8906546904487443
lab2,full_finetune,lab2_active_1_6_7_8_9,"Lab2 active set [1, 6, 7, 8, 9]",5,8,humidity,0.6333017353672292,0.40613943109145534,0.9676310526662864,5,4.0,head_only,0.9057353993522625,0.931117901790744,0.8803528969137809
lab2,full_finetune,lab2_active_1_6_7_8_9,"Lab2 active set [1, 6, 7, 8, 9]",5,8,temperature,0.18091189914206213,0.1187918891127293,0.981757411472597,5,4.0,head_only,0.9057353993522625,0.931117901790744,0.8803528969137809
lab2,full_finetune,lab2_active_2_4_5_6_9,"Lab2 active set [2, 4, 5, 6, 9]",5,8,humidity,0.6267952992782322,0.4117718912087954,0.9676274862065373,5,1.0,head_only,0.9165326780820634,0.9394622818495182,0.8936030743146086
lab2,full_finetune,lab2_active_2_4_5_6_9,"Lab2 active set [2, 4, 5, 6, 9]",5,8,temperature,0.18851230238192015,0.11945398438435334,0.9798758592189962,5,1.0,head_only,0.9165326780820634,0.9394622818495182,0.8936030743146086
lab2,full_finetune,lab2_active_2_7,"Lab2 active set [2, 7]",2,11,humidity,0.7732812841669698,0.5202170174855453,0.9514579463545297,2,4.0,head_only,0.8998643862444393,0.9296792468797299,0.8700495256091488
lab2,full_finetune,lab2_active_2_7,"Lab2 active set [2, 7]",2,11,temperature,0.2428649803010528,0.16232028087744346,0.9657205452970454,2,4.0,head_only,0.8998643862444393,0.9296792468797299,0.8700495256091488
lab2,full_finetune,lab2_active_2_7_9_10_11,"Lab2 active set [2, 7, 9, 10, 11]",5,8,humidity,0.6401687449360007,0.41324381415660566,0.966775530853593,5,3.0,head_only,0.9063299652272412,0.9317566718744269,0.8809032585800554
lab2,full_finetune,lab2_active_2_7_9_10_11,"Lab2 active set [2, 7, 9, 10, 11]",5,8,temperature,0.18369240186878927,0.12155472716459861,0.9810424935837274,5,3.0,head_only,0.9063299652272412,0.9317566718744269,0.8809032585800554
lab2,full_finetune,lab2_active_3_4_5_6_7,"Lab2 active set [3, 4, 5, 6, 7]",5,8,humidity,0.6301352838760289,0.39969458946814906,0.9687570996045737,5,2.0,head_only,0.9114939296528939,0.9359496764403255,0.8870381828654624
lab2,full_finetune,lab2_active_3_4_5_6_7,"Lab2 active set [3, 4, 5, 6, 7]",5,8,temperature,0.19125371727764745,0.11952134909538123,0.9792518262738412,5,2.0,head_only,0.9114939296528939,0.9359496764403255,0.8870381828654624
lab2,full_finetune,lab2_active_4_6_7,"Lab2 active set [4, 6, 7]",3,10,humidity,0.6865486674977335,0.4531935017842513,0.9607166678480135,3,1.0,head_only,0.9158489475944654,0.9396640134661974,0.8920338817227335
lab2,full_finetune,lab2_active_4_6_7,"Lab2 active set [4, 6, 7]",3,10,temperature,0.22151488857276705,0.14171563547391158,0.9717256023219039,3,1.0,head_only,0.9158489475944654,0.9396640134661974,0.8920338817227335
lab2,full_finetune,lab2_active_4_6_9,"Lab2 active set [4, 6, 9]",3,10,humidity,0.6354245780132189,0.41997214005543637,0.965184841085071,3,2.0,head_only,0.9132604155002854,0.9335449538231788,0.8929758771773919
lab2,full_finetune,lab2_active_4_6_9,"Lab2 active set [4, 6, 9]",3,10,temperature,0.1932654828001469,0.12489700890504397,0.9785695274977773,3,2.0,head_only,0.9132604155002854,0.9335449538231788,0.8929758771773919
lab2,full_finetune,lab2_active_5_6_9,"Lab2 active set [5, 6, 9]",3,10,humidity,0.6782897888349948,0.43045485707429737,0.963673161730857,3,3.0,head_only,0.913157987219947,0.9368296450645276,0.8894863293753664
lab2,full_finetune,lab2_active_5_6_9,"Lab2 active set [5, 6, 9]",3,10,temperature,0.1836479036729718,0.12012191861867905,0.9809886534382991,3,3.0,head_only,0.913157987219947,0.9368296450645276,0.8894863293753664
lab2,full_finetune,lab2_active_5_7,"Lab2 active set [5, 7]",2,11,humidity,0.6772066194755529,0.42700178577349734,0.9631571493765592,2,2.0,head_only,0.9031691950282441,0.9329387215734448,0.8733996684830433
lab2,full_finetune,lab2_active_5_7,"Lab2 active set [5, 7]",2,11,temperature,0.21413511347157912,0.14481270141326463,0.9742934093421831,2,2.0,head_only,0.9031691950282441,0.9329387215734448,0.8733996684830433
lab2,full_finetune,lab2_active_5_9,"Lab2 active set [5, 9]",2,11,humidity,0.7436813553217433,0.46378453419758725,0.9569347093465217,2,1.0,head_only,0.9072527111477013,0.9342527058571015,0.880252716438301
lab2,full_finetune,lab2_active_5_9,"Lab2 active set [5, 9]",2,11,temperature,0.1927614209456322,0.12742137622374755,0.9790469850695113,2,1.0,head_only,0.9072527111477013,0.9342527058571015,0.880252716438301
lab2,full_finetune,lab2_active_6_7_8_10_12,"Lab2 active set [6, 7, 8, 10, 12]",5,8,humidity,0.5825200552801123,0.39778437981238735,0.971864370651762,5,5.0,head_only,0.9054685557411701,0.9380475782204586,0.8728895332618816
lab2,full_finetune,lab2_active_6_7_8_10_12,"Lab2 active set [6, 7, 8, 10, 12]",5,8,temperature,0.1734897487251292,0.11695580986829904,0.9830917814826812,5,5.0,head_only,0.9054685557411701,0.9380475782204586,0.8728895332618816
lab2,full_finetune,lab2_active_6_9_10,"Lab2 active set [6, 9, 10]",3,10,humidity,0.7141790565493049,0.488905315215771,0.9591021517534901,3,4.0,head_only,0.9128209246376289,0.9327117455893217,0.8929301036859361
lab2,full_finetune,lab2_active_6_9_10,"Lab2 active set [6, 9, 10]",3,10,temperature,0.19728518305741655,0.13127325991025338,0.978043933225898,3,4.0,head_only,0.9128209246376289,0.9327117455893217,0.8929301036859361
lab2,full_finetune,lab2_active_7,Lab2 active set [7],1,12,humidity,1.1864168993690802,0.8837875242416675,0.8124422091736382,1,4.0,head_only,0.759619395928919,0.7367126091906554,0.7825261826671828
lab2,full_finetune,lab2_active_7,Lab2 active set [7],1,12,temperature,0.3712876194968925,0.25704418753202146,0.861520241283671,1,4.0,head_only,0.759619395928919,0.7367126091906554,0.7825261826671828
lab2,full_finetune,lab2_active_7_10,"Lab2 active set [7, 10]",2,11,humidity,0.7326761076501984,0.48348177396334135,0.956045758199497,2,5.0,head_only,0.8995074053415846,0.9251474386974219,0.8738673719857472
lab2,full_finetune,lab2_active_7_10,"Lab2 active set [7, 10]",2,11,temperature,0.23103035535466493,0.15710256306024697,0.9696573726226697,2,5.0,head_only,0.8995074053415846,0.9251474386974219,0.8738673719857472
lab2,full_finetune,lab2_active_8,Lab2 active set [8],1,12,humidity,1.15619770808728,0.7918833127388587,0.8222704209260073,1,3.0,head_only,0.7889450497880509,0.7921100550248076,0.7857800445512942
lab2,full_finetune,lab2_active_8,Lab2 active set [8],1,12,temperature,0.27633502417208855,0.1985462818008203,0.8926600367889007,1,3.0,head_only,0.7889450497880509,0.7921100550248076,0.7857800445512942
lab2,full_finetune,lab2_active_8_10,"Lab2 active set [8, 10]",2,11,humidity,0.719326939533042,0.45131370654472935,0.9578901466491422,2,3.0,head_only,0.9018460326318343,0.9312517463727583,0.8724403188909103
lab2,full_finetune,lab2_active_8_10,"Lab2 active set [8, 10]",2,11,temperature,0.18190150836329133,0.12244709122639436,0.9815441841286768,2,3.0,head_only,0.9018460326318343,0.9312517463727583,0.8724403188909103
lab2,full_finetune,lab2_active_9,Lab2 active set [9],1,12,humidity,1.2045321666144573,0.8837593564620385,0.8126655812769804,1,1.0,head_only,0.8104860113722965,0.8103152259616506,0.8106567967829422
lab2,full_finetune,lab2_active_9,Lab2 active set [9],1,12,temperature,0.3229251652168968,0.21698487550020218,0.8789098857264519,1,1.0,head_only,0.8104860113722965,0.8103152259616506,0.8106567967829422
lab2,full_finetune,lab2_all13,Lab2 all 13 active,13,0,humidity,0.5786094965182655,0.353444727567526,0.9723858725187473,13,,head_only,,,
lab2,full_finetune,lab2_all13,Lab2 all 13 active,13,0,temperature,0.16428162318301404,0.10591239883349492,0.9845853859637875,13,,head_only,,,
